lap_number,lap_time_sec,avg_speed_kmh,max_speed_kmh,speed_std_kmh,avg_throttle,throttle_std,throttle_usage_ratio,avg_brake,brake_std,brake_usage_ratio,avg_abs_steer,steering_smoothness,max_lat_g,min_lat_g,max_long_g,min_long_g,avg_combined_g,max_combined_g,samples,lap_distance,mean_line_deviation_m,max_line_deviation_m,time_lost_vs_best_lap_sec
1,62.652,300.1774242187842,312.69613555908205,26.81688180203212,0.9950980392156863,0.0698421904351716,0.9950980392156863,0.0,0.0,0.0,5.34328221968096,0.2048681854350107,1.5754802227020264,-3.6832117462158203,1.1193811428546907,-0.949032187461853,1.0797034997031125,3.725240911657982,7140,4267.932419505739,0.0,0.0,0.0
2,192.054,280.1156523097653,312.69613555908205,51.76353908499389,0.9082310207042039,0.25092931822175546,0.9580161476355248,0.024360936727360904,0.12352011645240915,0.05207612456747405,6.681559768294982,0.14397816479231865,2.1222612965106977,-3.6832117462158203,1.1193811428546907,-3.9792006170749668,0.9835270139690979,3.9829812569031153,17340,10016.414456161141,440.4442786381938,1362.9551107285533,129.402
3,192.069,287.4905558589891,312.69613555908205,42.504407098081074,0.9328870800608705,0.2215527173698187,0.9692326182320774,0.013966696144077955,0.08660475276514482,0.03701700618953188,7.4605268221093,0.17431304480054846,2.1222612965106977,-3.6832117462158203,0.8575465083122253,-3.9792006170749668,0.9845341111285596,4.681086176077383,16641,10022.732927849353,440.59344474177306,1362.2574410382729,129.41699999999997
4,125.928,291.50914728251496,312.69613555908205,39.2791977615982,0.9528613314214899,0.18509287081698425,0.983235438081253,0.014481781600808851,0.10154395488424904,0.028083700440528634,7.755606830894721,0.17890715107207766,2.1222612965106977,-3.6832117462158203,0.7446911334991455,-3.9792006170749668,1.0136903795901218,4.1170370054862815,16344,10030.194939320076,440.68187818095265,1366.7899915590897,63.275999999999996
5,124.188,293.6795918303235,312.69613555908205,35.82937312822073,0.9573324983160869,0.1812796058320084,0.9788027599925405,0.01163202137999857,0.09099827028180761,0.026667495493255422,8.16278015936035,0.1770186118093664,2.1222612965106977,-3.6832117462158203,0.7603182196617126,-3.9792006170749668,1.0090837321094268,4.512865558359886,16087,10029.978598709293,440.6712689805461,1366.4372876249824,61.536
